<?xml version="1.0"?>
<TEI xmlns="http://www.tei-c.org/ns/1.0" xml:lang="fr"><teiHeader><fileDesc><titleStmt><title>ex_du_18_11_2019_ Patrick_Gon&#xE7;alves</title><author>generated by Roma 5.0.0</author></titleStmt><publicationStmt><p>for use by whoever wants it</p></publicationStmt><notesStmt><note type="ns">http://www.example.org/ns/nonTEI</note></notesStmt><sourceDesc><p>created on Monday 18th November 2019 11:31:15 AM</p></sourceDesc></fileDesc></teiHeader><text><front><divGen type="toc"/></front><body><p>exercice du 18 novembre 2019 pour le cours sur les humanit&#xE9;s num&#xE9;riques. </p><schemaSpec ident="EX_PG" docLang="fr" prefix="tei_" xml:lang="en"><moduleRef key="core" except="abbr add addrLine address analytic author biblScope biblStruct binaryObject cb choice cit citedRange corr del desc distinct divGen editor email emph expan foreign gap gb gloss graphic head headItem headLabel hi imprint index item l label lb lg list listBibl measure measureGrp media meeting mentioned milestone monogr note num orig p pb postBox postCode ptr pubPlace publisher q quote ref reg relatedItem resp respStmt rs said series sic soCalled sp speaker stage street teiCorpus term textLang time unclear unit"/><moduleRef key="tei" except=""/><moduleRef key="header" except="abstract appInfo availability biblFull cRefPattern calendar calendarDesc catDesc catRef category change classCode classDecl conversion correction correspAction correspContext correspDesc creation distributor edition editionStmt editorialDecl encodingDesc extent funder geoDecl handNote hyphenation interpretation keywords langUsage language licence listChange listPrefixDef namespace normalization notesStmt prefixDef principal profileDesc projectDesc punctuation quotation refState refsDecl rendition revisionDesc samplingDecl schemaRef scriptNote segmentation seriesStmt sponsor stdVals styleDefDecl tagUsage tagsDecl taxonomy textClass unitDecl unitDef xenoData"/><moduleRef key="textstructure" except="argument byline closer dateline div1 div2 div3 div4 div5 div6 div7 docAuthor docDate docEdition docImprint docTitle epigraph floatingText group imprimatur opener postscript salute signed titlePage titlePart trailer"/><moduleRef key="namesdates" except="addName affiliation age birth bloc climate death district education event faith floruit genName geo geogFeat geogName langKnowledge langKnown listEvent listNym listObject listOrg listPerson listPlace listRelation location nameLink nationality nym object objectIdentifier objectName occupation offset org orgName person personGrp persona place population region relation residence sex socecStatus state terrain trait"/></schemaSpec></body></text></TEI>
